{"stats":{"minecraft:used":{"minecraft:moss_block":5,"minecraft:cooked_mutton":10,"minecraft:water_bucket":2,"minecraft:stone_shovel":68,"minecraft:stone_pickaxe":110,"minecraft:diamond_hoe":28,"minecraft:oak_planks":4,"minecraft:chest":4,"minecraft:wooden_pickaxe":4,"minecraft:torch":25,"minecraft:dirt":39,"minecraft:crafting_table":6,"minecraft:blast_furnace":1,"minecraft:white_bed":1,"minecraft:axolotl_bucket":1,"minecraft:wooden_axe":21,"minecraft:acacia_slab":21,"minecraft:iron_pickaxe":111,"minecraft:stone_axe":92,"minecraft:furnace":4,"minecraft:bucket":5,"minecraft:cooked_beef":13,"minecraft:acacia_planks":66},"minecraft:picked_up":{"minecraft:crafting_table":2,"minecraft:jungle_log":2,"minecraft:salmon":3,"minecraft:leather":10,"minecraft:oak_log":26,"minecraft:amethyst_block":1,"minecraft:dirt":66,"minecraft:string":2,"minecraft:lapis_lazuli":24,"minecraft:moss_carpet":6,"minecraft:orange_terracotta":31,"minecraft:wheat_seeds":21,"minecraft:bucket":1,"minecraft:beef":15,"minecraft:jungle_sapling":1,"minecraft:chest":2,"minecraft:diamond_hoe":1,"minecraft:sugar_cane":30,"minecraft:moss_block":5,"minecraft:acacia_sapling":2,"minecraft:oak_planks":4,"minecraft:furnace":2,"minecraft:stick":6,"minecraft:raw_iron":25,"minecraft:torch":5,"minecraft:acacia_log":25,"minecraft:blast_furnace":1,"minecraft:arrow":1,"minecraft:diamond":1,"minecraft:tropical_fish":1,"minecraft:hay_block":11,"minecraft:granite":1,"minecraft:acacia_slab":1,"minecraft:glow_berries":1,"minecraft:mutton":12,"minecraft:coal":79,"minecraft:white_wool":7,"minecraft:cobblestone":68},"minecraft:custom":{"minecraft:interact_with_furnace":25,"minecraft:mob_kills":28,"minecraft:interact_with_crafting_table":17,"minecraft:leave_game":2,"minecraft:time_since_death":108638,"minecraft:sleep_in_bed":3,"minecraft:climb_one_cm":4919,"minecraft:time_since_rest":7408,"minecraft:sprint_one_cm":248947,"minecraft:damage_taken":1464,"minecraft:walk_one_cm":201748,"minecraft:drop":7,"minecraft:damage_dealt":3462,"minecraft:swim_one_cm":91261,"minecraft:fly_one_cm":369240,"minecraft:player_kills":2,"minecraft:open_chest":7,"minecraft:crouch_one_cm":17594,"minecraft:play_time":108638,"minecraft:sneak_time":4945,"minecraft:walk_under_water_one_cm":4823,"minecraft:jump":1824,"minecraft:interact_with_blast_furnace":6,"minecraft:walk_on_water_one_cm":12611,"minecraft:total_world_time":108638,"minecraft:fall_one_cm":52487,"minecraft:horse_one_cm":1999256},"minecraft:mined":{"minecraft:large_amethyst_bud":1,"minecraft:diamond_ore":1,"minecraft:acacia_leaves":1,"minecraft:glass_pane":2,"minecraft:dark_oak_leaves":1,"minecraft:medium_amethyst_bud":2,"minecraft:orange_terracotta":27,"minecraft:jungle_leaves":17,"minecraft:crafting_table":2,"minecraft:torch":4,"minecraft:cave_vines_plant":1,"minecraft:granite":1,"minecraft:blast_furnace":1,"minecraft:red_sand":1,"minecraft:acacia_log":25,"minecraft:grass_block":66,"minecraft:chest":2,"minecraft:jungle_log":2,"minecraft:cobblestone":5,"minecraft:acacia_slab":1,"minecraft:lapis_ore":1,"minecraft:sugar_cane":11,"minecraft:oak_planks":4,"minecraft:wall_torch":1,"minecraft:amethyst_block":1,"minecraft:hay_block":11,"minecraft:furnace":2,"minecraft:iron_ore":10,"minecraft:birch_leaves":1,"minecraft:deepslate_lapis_ore":3,"minecraft:grass":201,"minecraft:oak_log":26,"minecraft:coal_ore":80,"minecraft:deepslate_iron_ore":16,"minecraft:vine":1,"minecraft:terracotta":4,"minecraft:stone":65,"minecraft:oak_leaves":7},"minecraft:killed":{"minecraft:salmon":3,"minecraft:spider":1,"minecraft:skeleton":3,"minecraft:sheep":7,"minecraft:zombie":3,"minecraft:enderman":2,"minecraft:cow":9},"minecraft:dropped":{"minecraft:moss_carpet":6,"minecraft:glow_berries":1,"minecraft:amethyst_block":1,"minecraft:cooked_mutton":2,"minecraft:jungle_sapling":1,"minecraft:stone_pickaxe":1},"minecraft:crafted":{"minecraft:cooked_beef":15,"minecraft:oak_planks":104,"minecraft:stone_shovel":1,"minecraft:crafting_table":4,"minecraft:iron_helmet":1,"minecraft:acacia_slab":24,"minecraft:wooden_pickaxe":1,"minecraft:furnace":2,"minecraft:bucket":1,"minecraft:stone_axe":1,"minecraft:cooked_mutton":12,"minecraft:air":0,"minecraft:jungle_planks":8,"minecraft:iron_boots":1,"minecraft:iron_chestplate":1,"minecraft:stick":16,"minecraft:iron_ingot":23,"minecraft:iron_pickaxe":1,"minecraft:stone_pickaxe":1,"minecraft:wooden_axe":1,"minecraft:chest":2,"minecraft:white_bed":1,"minecraft:acacia_planks":100,"minecraft:torch":32}},"DataVersion":3465}