{"stats":{"minecraft:picked_up":{"minecraft:sand":162,"minecraft:sugar_cane":16},"minecraft:custom":{"minecraft:jump":98,"minecraft:time_since_rest":13032,"minecraft:walk_on_water_one_cm":753,"minecraft:sprint_one_cm":18684,"minecraft:play_time":13032,"minecraft:damage_taken":20,"minecraft:time_since_death":13032,"minecraft:walk_one_cm":16726,"minecraft:sneak_time":205,"minecraft:total_world_time":13032,"minecraft:walk_under_water_one_cm":9260,"minecraft:interact_with_anvil":1,"minecraft:swim_one_cm":6339,"minecraft:fall_one_cm":2076,"minecraft:fly_one_cm":95417},"minecraft:used":{"minecraft:netherite_shovel":210,"minecraft:anvil":1,"minecraft:sugar_cane":6},"minecraft:mined":{"minecraft:sugar_cane":6,"minecraft:sand":218}},"DataVersion":3465}