{"stats":{"minecraft:picked_up":{"minecraft:anvil":1,"minecraft:sand":162,"minecraft:sugar_cane":16},"minecraft:used":{"minecraft:netherite_shovel":210,"minecraft:anvil":30,"minecraft:sugar_cane":6},"minecraft:custom":{"minecraft:time_since_rest":38086,"minecraft:crouch_one_cm":2533,"minecraft:sprint_one_cm":25771,"minecraft:play_time":38086,"minecraft:damage_taken":20,"minecraft:walk_one_cm":31084,"minecraft:sneak_time":841,"minecraft:walk_under_water_one_cm":9260,"minecraft:interact_with_anvil":2,"minecraft:jump":168,"minecraft:damage_dealt":10,"minecraft:leave_game":3,"minecraft:walk_on_water_one_cm":1304,"minecraft:time_since_death":38086,"minecraft:total_world_time":38086,"minecraft:swim_one_cm":6339,"minecraft:fall_one_cm":2076,"minecraft:fly_one_cm":362148},"minecraft:mined":{"minecraft:sand":218,"minecraft:sugar_cane":6}},"DataVersion":3465}