{"stats":{"minecraft:used":{"minecraft:moss_block":2,"minecraft:flint_and_steel":39,"minecraft:tropical_fish":9,"minecraft:diamond_hoe":117,"minecraft:chest":3,"minecraft:shield":7,"minecraft:cooked_chicken":3,"minecraft:rotten_flesh":1,"minecraft:torch":7,"minecraft:dirt":9,"minecraft:jungle_planks":16,"minecraft:tuff":1,"minecraft:granite":4,"minecraft:axolotl_bucket":1,"minecraft:wooden_axe":65,"minecraft:dark_oak_planks":88,"minecraft:bookshelf":21,"minecraft:iron_helmet":1,"minecraft:bamboo":1,"minecraft:bow":4,"minecraft:oak_sapling":1,"minecraft:furnace":5,"minecraft:acacia_planks":12,"minecraft:cobbled_deepslate":3,"minecraft:wheat_seeds":36,"minecraft:cooked_mutton":16,"minecraft:water_bucket":33,"minecraft:diorite":5,"minecraft:stone_pickaxe":130,"minecraft:oak_planks":25,"minecraft:wooden_pickaxe":4,"minecraft:stonecutter":2,"minecraft:sugar_cane":17,"minecraft:white_wool":1,"minecraft:salmon":5,"minecraft:glow_berries":6,"minecraft:golden_apple":1,"minecraft:crafting_table":8,"minecraft:white_bed":2,"minecraft:black_bed":1,"minecraft:black_wool":1,"minecraft:apple":1,"minecraft:bread":17,"minecraft:iron_pickaxe":196,"minecraft:gravel":1,"minecraft:stone_axe":185,"minecraft:cobblestone":46,"minecraft:bucket":34,"minecraft:gray_wool":2},"minecraft:picked_up":{"minecraft:wooden_axe":2,"minecraft:crafting_table":6,"minecraft:wheat":8,"minecraft:black_carpet":1,"minecraft:chicken":3,"minecraft:clay_ball":8,"minecraft:lead":1,"minecraft:wooden_pickaxe":3,"minecraft:oak_stairs":2,"minecraft:brewing_stand":3,"minecraft:shield":1,"minecraft:string":13,"minecraft:flint_and_steel":1,"minecraft:white_carpet":1,"minecraft:red_sand":2,"minecraft:cobbled_deepslate":11,"minecraft:iron_pickaxe":1,"minecraft:lectern":1,"minecraft:sugar_cane":104,"minecraft:diamond_hoe":2,"minecraft:furnace":2,"minecraft:egg":2,"minecraft:dark_oak_sapling":3,"minecraft:stick":37,"minecraft:raw_iron":49,"minecraft:torch":16,"minecraft:acacia_log":8,"minecraft:fire_charge":1,"minecraft:diorite":8,"minecraft:carrot":2,"minecraft:redstone":24,"minecraft:dark_oak_planks":43,"minecraft:cactus":3,"minecraft:rotten_flesh":17,"minecraft:arrow":6,"minecraft:diamond_chestplate":1,"minecraft:tropical_fish":9,"minecraft:vex_armor_trim_smithing_template":1,"minecraft:hay_block":28,"minecraft:saddle":1,"minecraft:gold_ingot":3,"minecraft:totem_of_undying":1,"minecraft:white_terracotta":9,"minecraft:glow_berries":2,"minecraft:mutton":32,"minecraft:white_wool":10,"minecraft:cobblestone":85,"minecraft:feather":1,"minecraft:jungle_log":3,"minecraft:salmon":10,"minecraft:birch_planks":4,"minecraft:tuff":1,"minecraft:oak_log":15,"minecraft:cobblestone_wall":6,"minecraft:lapis_lazuli":30,"minecraft:dirt":21,"minecraft:name_tag":1,"minecraft:purple_carpet":1,"minecraft:cooked_mutton":2,"minecraft:red_carpet":2,"minecraft:bone":10,"minecraft:acacia_planks":7,"minecraft:apple":1,"minecraft:stonecutter":2,"minecraft:wheat_seeds":40,"minecraft:raw_gold":6,"minecraft:iron_ingot":3,"minecraft:stone_pickaxe":4,"minecraft:bamboo":13,"minecraft:moss_block":2,"minecraft:oak_planks":25,"minecraft:book":258,"minecraft:oak_slab":3,"minecraft:dandelion":1,"minecraft:gravel":1,"minecraft:jungle_planks":10,"minecraft:white_bed":1,"minecraft:dark_oak_log":11,"minecraft:spider_eye":3,"minecraft:light_gray_terracotta":10,"minecraft:stone_axe":1,"minecraft:lever":3,"minecraft:granite":12,"minecraft:bone_meal":2,"minecraft:golden_apple":1,"minecraft:gray_wool":2,"minecraft:emerald":9,"minecraft:terracotta":1,"minecraft:oak_sapling":1,"minecraft:light_gray_carpet":3,"minecraft:black_wool":4,"minecraft:coal":81},"minecraft:custom":{"minecraft:mob_kills":34,"minecraft:interact_with_crafting_table":25,"minecraft:time_since_death":112000,"minecraft:climb_one_cm":1099,"minecraft:sprint_one_cm":367194,"minecraft:walk_one_cm":335007,"minecraft:damage_blocked_by_shield":205,"minecraft:drop":30,"minecraft:talked_to_villager":2,"minecraft:play_time":155102,"minecraft:deaths":3,"minecraft:sneak_time":8758,"minecraft:walk_under_water_one_cm":18867,"minecraft:interact_with_brewingstand":2,"minecraft:jump":2346,"minecraft:walk_on_water_one_cm":28409,"minecraft:total_world_time":155102,"minecraft:interact_with_furnace":34,"minecraft:sleep_in_bed":4,"minecraft:time_since_rest":4182,"minecraft:damage_taken":2932,"minecraft:damage_dealt":4537,"minecraft:swim_one_cm":113863,"minecraft:fly_one_cm":533939,"minecraft:open_chest":26,"minecraft:crouch_one_cm":38556,"minecraft:fall_one_cm":59227,"minecraft:horse_one_cm":469361},"minecraft:mined":{"minecraft:dark_oak_planks":28,"minecraft:tuff":1,"minecraft:white_bed":1,"minecraft:farmland":1,"minecraft:dark_oak_log":12,"minecraft:brewing_stand":3,"minecraft:cave_vines_plant":2,"minecraft:granite":12,"minecraft:red_sand":2,"minecraft:acacia_log":8,"minecraft:grass_block":4,"minecraft:jungle_planks":10,"minecraft:jungle_log":3,"minecraft:moss_block":2,"minecraft:hay_block":26,"minecraft:tall_seagrass":1,"minecraft:furnace":2,"minecraft:iron_ore":42,"minecraft:fire":38,"minecraft:deepslate_lapis_ore":1,"minecraft:bookshelf":43,"minecraft:cave_vines":3,"minecraft:deepslate_iron_ore":4,"minecraft:oak_stairs":1,"minecraft:bamboo":1,"minecraft:stone":80,"minecraft:white_wool":1,"minecraft:podzol":2,"minecraft:deepslate_redstone_ore":5,"minecraft:oak_slab":1,"minecraft:light_gray_carpet":1,"minecraft:glass_pane":14,"minecraft:dandelion":1,"minecraft:light_gray_terracotta":11,"minecraft:clay":2,"minecraft:crafting_table":6,"minecraft:torch":1,"minecraft:dead_bush":21,"minecraft:lectern":1,"minecraft:tall_grass":11,"minecraft:cobblestone":4,"minecraft:lapis_ore":3,"minecraft:sugar_cane":13,"minecraft:oak_planks":2,"minecraft:diorite":11,"minecraft:wall_torch":1,"minecraft:white_terracotta":9,"minecraft:gray_wool":1,"minecraft:birch_planks":2,"minecraft:cactus":1,"minecraft:cobblestone_wall":3,"minecraft:birch_leaves":1,"minecraft:grass":249,"minecraft:black_wool":1,"minecraft:oak_log":15,"minecraft:coal_ore":76,"minecraft:gravel":1,"minecraft:dirt":7,"minecraft:terracotta":1,"minecraft:stonecutter":2,"minecraft:gold_ore":6,"minecraft:oak_leaves":4,"minecraft:deepslate":11},"minecraft:killed":{"minecraft:vindicator":6,"minecraft:spider":1,"minecraft:skeleton":3,"minecraft:chicken":3,"minecraft:salmon":5,"minecraft:sheep":11,"minecraft:zombie":4},"minecraft:dropped":{"minecraft:oak_slab":1,"minecraft:dark_oak_sapling":1,"minecraft:cobblestone":4,"minecraft:red_carpet":2,"minecraft:iron_pickaxe":1,"minecraft:string":8,"minecraft:bucket":1,"minecraft:bone":1,"minecraft:lever":3,"minecraft:light_gray_terracotta":6,"minecraft:black_carpet":1,"minecraft:diamond_hoe":2,"minecraft:rotten_flesh":5,"minecraft:light_gray_carpet":1,"minecraft:white_terracotta":5,"minecraft:red_sand":2,"minecraft:stone_pickaxe":1,"minecraft:wooden_pickaxe":1,"minecraft:terracotta":1},"minecraft:broken":{"minecraft:stone_pickaxe":1,"minecraft:stone_axe":1,"minecraft:wooden_axe":1},"minecraft:crafted":{"minecraft:oak_planks":60,"minecraft:cooked_chicken":3,"minecraft:furnace":3,"minecraft:bookshelf":21,"minecraft:cooked_mutton":16,"minecraft:iron_boots":1,"minecraft:stone_pickaxe":1,"minecraft:chest":3,"minecraft:dark_oak_planks":44,"minecraft:wheat":226,"minecraft:crafting_table":2,"minecraft:iron_helmet":1,"minecraft:wooden_pickaxe":1,"minecraft:stone_axe":2,"minecraft:bread":78,"minecraft:air":0,"minecraft:jungle_planks":12,"minecraft:shield":1,"minecraft:stick":24,"minecraft:iron_ingot":46,"minecraft:iron_pickaxe":1,"minecraft:wooden_axe":1,"minecraft:iron_leggings":1,"minecraft:gold_ingot":6,"minecraft:black_bed":1,"minecraft:white_bed":1,"minecraft:acacia_planks":32,"minecraft:torch":40},"minecraft:killed_by":{"minecraft:player":2,"minecraft:vindicator":1}},"DataVersion":3465}