{"stats":{"minecraft:picked_up":{"minecraft:elytra":1},"minecraft:used":{"minecraft:oak_planks":54,"minecraft:elytra":1,"minecraft:firework_rocket":30,"minecraft:anvil":14},"minecraft:custom":{"minecraft:jump":21,"minecraft:time_since_rest":25771,"minecraft:crouch_one_cm":10798,"minecraft:leave_game":1,"minecraft:play_time":25771,"minecraft:sprint_one_cm":2043,"minecraft:damage_taken":30,"minecraft:time_since_death":25771,"minecraft:walk_one_cm":9079,"minecraft:sneak_time":2030,"minecraft:total_world_time":25771,"minecraft:drop":1,"minecraft:fall_one_cm":998,"minecraft:fly_one_cm":185542,"minecraft:aviate_one_cm":1189546},"minecraft:dropped":{"minecraft:elytra":1}},"DataVersion":3465}