{
  "minecraft:recipes/decorations/crafting_table": {
    "criteria": {
      "unlock_right_away": "2024-08-17 18:42:19 +0000"
    },
    "done": true
  },
  "minecraft:adventure/adventuring_time": {
    "criteria": {
      "minecraft:beach": "2024-08-17 18:43:07 +0000",
      "minecraft:river": "2024-08-17 18:43:59 +0000",
      "minecraft:forest": "2024-08-17 18:43:58 +0000",
      "minecraft:old_growth_birch_forest": "2024-08-17 18:42:20 +0000",
      "minecraft:plains": "2024-08-17 18:44:06 +0000"
    },
    "done": false
  },
  "DataVersion": 3465
}